project,surface_type,source_path,canonical_doc_path,audience,diataxis_type,owner_status,verification_command,gap_status,reviewer_notes
pilot,project-root,.,README.md,maintainer,reference,owned-active,npm run docs:coverage && npm run docs:truth,covered,Covered by canonical documentation; update this row when the source surface moves or changes lifecycle.
pilot,configuration,.env.example,docs/documentation-coverage.md,maintainer,reference,owned-active,npm run docs:coverage && npm run docs:truth,covered,Covered by canonical documentation; update this row when the source surface moves or changes lifecycle.
pilot,ci-cd,.github,.github/README.md,operator,how-to,owned-active,npm run docs:coverage && npm run docs:truth,covered,Covered by canonical documentation; update this row when the source surface moves or changes lifecycle.
pilot,surface,apps,apps/README.md,developer,reference,owned-active,npm run docs:coverage && npm run docs:truth,covered,Covered by canonical documentation; update this row when the source surface moves or changes lifecycle.
pilot,surface,docs,docs/README.md,maintainer,explanation,owned-active,npm run docs:coverage && npm run docs:truth,covered,Covered by canonical documentation; update this row when the source surface moves or changes lifecycle.
pilot,surface,e2e,e2e/README.md,maintainer,tutorial,owned-active,npm run docs:coverage && npm run docs:truth,covered,Covered by canonical documentation; update this row when the source surface moves or changes lifecycle.
pilot,surface,infra,infra/README.md,operator,how-to,owned-active,npm run docs:coverage && npm run docs:truth,covered,Covered by canonical documentation; update this row when the source surface moves or changes lifecycle.
pilot,surface,loadtests,loadtests/README.md,maintainer,reference,owned-active,npm run docs:coverage && npm run docs:truth,covered,Covered by canonical documentation; update this row when the source surface moves or changes lifecycle.
pilot,configuration,package-lock.json,README.md,maintainer,reference,owned-active,npm run docs:coverage && npm run docs:truth,covered,Coverage row generated from active source/config/route discovery; canonical doc must be updated when the source surface changes lifecycle or interface.
pilot,configuration,package.json,README.md,maintainer,reference,owned-active,npm run docs:coverage && npm run docs:truth,covered,Coverage row generated from active source/config/route discovery; canonical doc must be updated when the source surface changes lifecycle or interface.
pilot,surface,packages,packages/README.md,maintainer,reference,owned-active,npm run docs:coverage && npm run docs:truth,covered,Covered by canonical documentation; update this row when the source surface moves or changes lifecycle.
pilot,surface,packs,packs/README.md,maintainer,reference,owned-active,npm run docs:coverage && npm run docs:truth,covered,Covered by canonical documentation; update this row when the source surface moves or changes lifecycle.
pilot,surface,pipelines,pipelines/README.md,maintainer,reference,owned-active,npm run docs:coverage && npm run docs:truth,covered,Covered by canonical documentation; update this row when the source surface moves or changes lifecycle.
pilot,surface,scripts,scripts/README.md,maintainer,how-to,owned-active,npm run docs:coverage && npm run docs:truth,covered,Covered by canonical documentation; update this row when the source surface moves or changes lifecycle.
pilot,surface,services,services/README.md,operator,reference,owned-active,npm run docs:coverage && npm run docs:truth,covered,Covered by canonical documentation; update this row when the source surface moves or changes lifecycle.
pilot,surface,tests,tests/README.md,maintainer,tutorial,owned-active,npm run docs:coverage && npm run docs:truth,covered,Covered by canonical documentation; update this row when the source surface moves or changes lifecycle.
pilot,configuration,tsconfig.base.json,README.md,maintainer,reference,owned-active,npm run docs:coverage && npm run docs:truth,covered,Coverage row generated from active source/config/route discovery; canonical doc must be updated when the source surface changes lifecycle or interface.
pilot,surface,.github/ISSUE_TEMPLATE,.github/ISSUE_TEMPLATE/README.md,operator,how-to,owned-active,npm run docs:coverage && npm run docs:truth,covered,Covered by canonical documentation; update this row when the source surface moves or changes lifecycle.
pilot,ci-cd,.github/workflows,.github/workflows/README.md,operator,how-to,owned-active,npm run docs:coverage && npm run docs:truth,covered,Covered by canonical documentation; update this row when the source surface moves or changes lifecycle.
pilot,app,apps/agent,apps/agent/README.md,developer,reference,owned-active,npm run docs:coverage && npm run docs:truth,covered,Covered by canonical documentation; update this row when the source surface moves or changes lifecycle.
pilot,app,apps/telegram-bot,apps/telegram-bot/README.md,developer,reference,owned-active,npm run docs:coverage && npm run docs:truth,covered,Covered by canonical documentation; update this row when the source surface moves or changes lifecycle.
pilot,app,apps/telegram-miniapp,apps/telegram-miniapp/README.md,developer,reference,owned-active,npm run docs:coverage && npm run docs:truth,covered,Covered by canonical documentation; update this row when the source surface moves or changes lifecycle.
pilot,app,apps/web,apps/web/README.md,developer,reference,owned-active,npm run docs:coverage && npm run docs:truth,covered,Covered by canonical documentation; update this row when the source surface moves or changes lifecycle.
pilot,configuration,e2e/package.json,e2e/README.md,maintainer,reference,owned-active,npm run docs:coverage && npm run docs:truth,covered,Coverage row generated from active source/config/route discovery; canonical doc must be updated when the source surface changes lifecycle or interface.
pilot,configuration,e2e/playwright.config.ts,e2e/README.md,maintainer,reference,owned-active,npm run docs:coverage && npm run docs:truth,covered,Coverage row generated from active source/config/route discovery; canonical doc must be updated when the source surface changes lifecycle or interface.
pilot,test-surface,e2e/tests,e2e/README.md,maintainer,tutorial,owned-active,npm run docs:coverage && npm run docs:truth,covered,Coverage row generated from active source/config/route discovery; canonical doc must be updated when the source surface changes lifecycle or interface.
pilot,configuration,e2e/tsconfig.json,e2e/README.md,maintainer,reference,owned-active,npm run docs:coverage && npm run docs:truth,covered,Coverage row generated from active source/config/route discovery; canonical doc must be updated when the source surface changes lifecycle or interface.
pilot,infrastructure,infra/digitalocean,infra/digitalocean/README.md,operator,how-to,owned-active,npm run docs:coverage && npm run docs:truth,covered,Covered by canonical documentation; update this row when the source surface moves or changes lifecycle.
pilot,infrastructure,infra/docker,infra/docker/README.md,operator,how-to,owned-active,npm run docs:coverage && npm run docs:truth,covered,Covered by canonical documentation; update this row when the source surface moves or changes lifecycle.
pilot,infrastructure,infra/monitoring,infra/monitoring/README.md,operator,how-to,owned-active,npm run docs:coverage && npm run docs:truth,covered,Covered by canonical documentation; update this row when the source surface moves or changes lifecycle.
pilot,infrastructure,infra/scripts,infra/scripts/README.md,operator,how-to,owned-active,npm run docs:coverage && npm run docs:truth,covered,Covered by canonical documentation; update this row when the source surface moves or changes lifecycle.
pilot,surface,loadtests/k6,loadtests/README.md,maintainer,explanation,owned-active,npm run docs:coverage && npm run docs:truth,covered,Coverage row generated from active source/config/route discovery; canonical doc must be updated when the source surface changes lifecycle or interface.
pilot,package,packages/connectors,packages/connectors/README.md,maintainer,reference,owned-active,npm run docs:coverage && npm run docs:truth,covered,Covered by canonical documentation; update this row when the source surface moves or changes lifecycle.
pilot,package,packages/db,packages/db/README.md,maintainer,reference,owned-active,npm run docs:coverage && npm run docs:truth,covered,Covered by canonical documentation; update this row when the source surface moves or changes lifecycle.
pilot,package,packages/helm-client,packages/helm-client/README.md,maintainer,reference,owned-active,npm run docs:coverage && npm run docs:truth,covered,Covered by canonical documentation; update this row when the source surface moves or changes lifecycle.
pilot,package,packages/legacy-audit,packages/legacy-audit/README.md,maintainer,reference,owned-active,npm run docs:coverage && npm run docs:truth,covered,Covered by canonical documentation; update this row when the source surface moves or changes lifecycle.
pilot,package,packages/sandbox,packages/sandbox/README.md,maintainer,reference,owned-active,npm run docs:coverage && npm run docs:truth,covered,Covered by canonical documentation; update this row when the source surface moves or changes lifecycle.
pilot,package,packages/shared,packages/shared/README.md,maintainer,reference,owned-active,npm run docs:coverage && npm run docs:truth,covered,Covered by canonical documentation; update this row when the source surface moves or changes lifecycle.
pilot,surface,packs/skills,packs/README.md,maintainer,explanation,owned-active,npm run docs:coverage && npm run docs:truth,covered,Coverage row generated from active source/config/route discovery; canonical doc must be updated when the source surface changes lifecycle or interface.
pilot,surface,packs/subagents,packs/README.md,maintainer,explanation,owned-active,npm run docs:coverage && npm run docs:truth,covered,Coverage row generated from active source/config/route discovery; canonical doc must be updated when the source surface changes lifecycle or interface.
pilot,surface,pipelines/intelligence,pipelines/README.md,maintainer,explanation,owned-active,npm run docs:coverage && npm run docs:truth,covered,Coverage row generated from active source/config/route discovery; canonical doc must be updated when the source surface changes lifecycle or interface.
pilot,configuration,pipelines/requirements.txt,pipelines/README.md,maintainer,reference,owned-active,npm run docs:coverage && npm run docs:truth,covered,Coverage row generated from active source/config/route discovery; canonical doc must be updated when the source surface changes lifecycle or interface.
pilot,surface,pipelines/scraper,pipelines/README.md,maintainer,explanation,owned-active,npm run docs:coverage && npm run docs:truth,covered,Coverage row generated from active source/config/route discovery; canonical doc must be updated when the source surface changes lifecycle or interface.
pilot,surface,pipelines/yc-scraper,pipelines/README.md,maintainer,explanation,owned-active,npm run docs:coverage && npm run docs:truth,covered,Coverage row generated from active source/config/route discovery; canonical doc must be updated when the source surface changes lifecycle or interface.
pilot,service,services/application-engine,services/application-engine/README.md,operator,reference,owned-active,npm run docs:coverage && npm run docs:truth,covered,Covered by canonical documentation; update this row when the source surface moves or changes lifecycle.
pilot,service,services/cofounder-engine,services/cofounder-engine/README.md,operator,reference,owned-active,npm run docs:coverage && npm run docs:truth,covered,Covered by canonical documentation; update this row when the source surface moves or changes lifecycle.
pilot,service,services/content-engine,services/content-engine/README.md,operator,reference,owned-active,npm run docs:coverage && npm run docs:truth,covered,Covered by canonical documentation; update this row when the source surface moves or changes lifecycle.
pilot,service,services/decision-court,services/decision-court/README.md,operator,reference,owned-active,npm run docs:coverage && npm run docs:truth,covered,Covered by canonical documentation; update this row when the source surface moves or changes lifecycle.
pilot,service,services/finance-engine,services/finance-engine/README.md,operator,reference,owned-active,npm run docs:coverage && npm run docs:truth,covered,Covered by canonical documentation; update this row when the source surface moves or changes lifecycle.
pilot,service,services/founder-intel,services/founder-intel/README.md,operator,reference,owned-active,npm run docs:coverage && npm run docs:truth,covered,Covered by canonical documentation; update this row when the source surface moves or changes lifecycle.
pilot,service,services/gateway,services/gateway/README.md,operator,reference,owned-active,npm run docs:coverage && npm run docs:truth,covered,Covered by canonical documentation; update this row when the source surface moves or changes lifecycle.
pilot,service,services/launch-engine,services/launch-engine/README.md,operator,reference,owned-active,npm run docs:coverage && npm run docs:truth,covered,Covered by canonical documentation; update this row when the source surface moves or changes lifecycle.
pilot,service,services/mcp-server,services/mcp-server/README.md,operator,reference,owned-active,npm run docs:coverage && npm run docs:truth,covered,Covered by canonical documentation; update this row when the source surface moves or changes lifecycle.
pilot,service,services/memory,services/memory/README.md,operator,reference,owned-active,npm run docs:coverage && npm run docs:truth,covered,Covered by canonical documentation; update this row when the source surface moves or changes lifecycle.
pilot,service,services/orchestrator,services/orchestrator/README.md,operator,reference,owned-active,npm run docs:coverage && npm run docs:truth,covered,Covered by canonical documentation; update this row when the source surface moves or changes lifecycle.
pilot,service,services/product-factory,services/product-factory/README.md,operator,reference,owned-active,npm run docs:coverage && npm run docs:truth,covered,Covered by canonical documentation; update this row when the source surface moves or changes lifecycle.
pilot,service,services/seo-engine,services/seo-engine/README.md,operator,reference,owned-active,npm run docs:coverage && npm run docs:truth,covered,Covered by canonical documentation; update this row when the source surface moves or changes lifecycle.
pilot,service,services/yc-intel,services/yc-intel/README.md,operator,reference,owned-active,npm run docs:coverage && npm run docs:truth,covered,Covered by canonical documentation; update this row when the source surface moves or changes lifecycle.
pilot,test-surface,tests/load,tests/load/README.md,maintainer,tutorial,owned-active,npm run docs:coverage && npm run docs:truth,covered,Coverage row generated from active source/config/route discovery; canonical doc must be updated when the source surface changes lifecycle or interface.
pilot,ci-cd,.github/workflows/ci.yml,.github/workflows/README.md,operator,how-to,owned-active,npm run docs:coverage && npm run docs:truth,covered,Coverage row generated from active source/config/route discovery; canonical doc must be updated when the source surface changes lifecycle or interface.
pilot,ci-cd,.github/workflows/claude-code-async-review.yml,.github/workflows/README.md,operator,how-to,owned-active,npm run docs:coverage && npm run docs:truth,covered,Coverage row generated from active source/config/route discovery; canonical doc must be updated when the source surface changes lifecycle or interface.
pilot,ci-cd,.github/workflows/deploy.yml,.github/workflows/README.md,operator,how-to,owned-active,npm run docs:coverage && npm run docs:truth,covered,Coverage row generated from active source/config/route discovery; canonical doc must be updated when the source surface changes lifecycle or interface.
pilot,ci-cd,.github/workflows/label-gate.yml,.github/workflows/README.md,operator,how-to,owned-active,npm run docs:coverage && npm run docs:truth,covered,Coverage row generated from active source/config/route discovery; canonical doc must be updated when the source surface changes lifecycle or interface.
pilot,ci-cd,.github/workflows/release.yml,.github/workflows/README.md,operator,how-to,owned-active,npm run docs:coverage && npm run docs:truth,covered,Coverage row generated from active source/config/route discovery; canonical doc must be updated when the source surface changes lifecycle or interface.
pilot,ci-cd,.github/workflows/restore-drill.yml,.github/workflows/README.md,operator,how-to,owned-active,npm run docs:coverage && npm run docs:truth,covered,Coverage row generated from active source/config/route discovery; canonical doc must be updated when the source surface changes lifecycle or interface.
pilot,ci-cd,.github/workflows/security.yml,.github/workflows/README.md,operator,how-to,owned-active,npm run docs:coverage && npm run docs:truth,covered,Coverage row generated from active source/config/route discovery; canonical doc must be updated when the source surface changes lifecycle or interface.
pilot,configuration,apps/agent/package.json,apps/agent/README.md,maintainer,reference,owned-active,npm run docs:coverage && npm run docs:truth,covered,Coverage row generated from active source/config/route discovery; canonical doc must be updated when the source surface changes lifecycle or interface.
pilot,configuration,apps/agent/tsconfig.json,apps/agent/README.md,maintainer,reference,owned-active,npm run docs:coverage && npm run docs:truth,covered,Coverage row generated from active source/config/route discovery; canonical doc must be updated when the source surface changes lifecycle or interface.
pilot,configuration,apps/telegram-bot/package.json,apps/telegram-bot/README.md,maintainer,reference,owned-active,npm run docs:coverage && npm run docs:truth,covered,Coverage row generated from active source/config/route discovery; canonical doc must be updated when the source surface changes lifecycle or interface.
pilot,configuration,apps/telegram-bot/tsconfig.json,apps/telegram-bot/README.md,maintainer,reference,owned-active,npm run docs:coverage && npm run docs:truth,covered,Coverage row generated from active source/config/route discovery; canonical doc must be updated when the source surface changes lifecycle or interface.
pilot,configuration,apps/telegram-bot/vitest.config.ts,apps/telegram-bot/README.md,maintainer,reference,owned-active,npm run docs:coverage && npm run docs:truth,covered,Coverage row generated from active source/config/route discovery; canonical doc must be updated when the source surface changes lifecycle or interface.
pilot,configuration,apps/telegram-miniapp/package.json,apps/telegram-miniapp/README.md,maintainer,reference,owned-active,npm run docs:coverage && npm run docs:truth,covered,Coverage row generated from active source/config/route discovery; canonical doc must be updated when the source surface changes lifecycle or interface.
pilot,configuration,apps/telegram-miniapp/tsconfig.json,apps/telegram-miniapp/README.md,maintainer,reference,owned-active,npm run docs:coverage && npm run docs:truth,covered,Coverage row generated from active source/config/route discovery; canonical doc must be updated when the source surface changes lifecycle or interface.
pilot,configuration,apps/telegram-miniapp/vite.config.ts,apps/telegram-miniapp/README.md,maintainer,reference,owned-active,npm run docs:coverage && npm run docs:truth,covered,Coverage row generated from active source/config/route discovery; canonical doc must be updated when the source surface changes lifecycle or interface.
pilot,configuration,apps/telegram-miniapp/vitest.config.ts,apps/telegram-miniapp/README.md,maintainer,reference,owned-active,npm run docs:coverage && npm run docs:truth,covered,Coverage row generated from active source/config/route discovery; canonical doc must be updated when the source surface changes lifecycle or interface.
pilot,configuration,apps/web/next.config.ts,apps/web/README.md,maintainer,reference,owned-active,npm run docs:coverage && npm run docs:truth,covered,Coverage row generated from active source/config/route discovery; canonical doc must be updated when the source surface changes lifecycle or interface.
pilot,configuration,apps/web/package.json,apps/web/README.md,maintainer,reference,owned-active,npm run docs:coverage && npm run docs:truth,covered,Coverage row generated from active source/config/route discovery; canonical doc must be updated when the source surface changes lifecycle or interface.
pilot,configuration,apps/web/tsconfig.json,apps/web/README.md,maintainer,reference,owned-active,npm run docs:coverage && npm run docs:truth,covered,Coverage row generated from active source/config/route discovery; canonical doc must be updated when the source surface changes lifecycle or interface.
pilot,configuration,apps/web/vitest.config.ts,apps/web/README.md,maintainer,reference,owned-active,npm run docs:coverage && npm run docs:truth,covered,Coverage row generated from active source/config/route discovery; canonical doc must be updated when the source surface changes lifecycle or interface.
pilot,configuration,infra/digitalocean/docker-compose.yml,infra/digitalocean/README.md,maintainer,reference,owned-active,npm run docs:coverage && npm run docs:truth,covered,Coverage row generated from active source/config/route discovery; canonical doc must be updated when the source surface changes lifecycle or interface.
pilot,configuration,infra/docker/docker-compose.yml,infra/docker/README.md,maintainer,reference,owned-active,npm run docs:coverage && npm run docs:truth,covered,Coverage row generated from active source/config/route discovery; canonical doc must be updated when the source surface changes lifecycle or interface.
pilot,configuration,packages/connectors/package.json,packages/connectors/README.md,maintainer,reference,owned-active,npm run docs:coverage && npm run docs:truth,covered,Coverage row generated from active source/config/route discovery; canonical doc must be updated when the source surface changes lifecycle or interface.
pilot,configuration,packages/connectors/tsconfig.json,packages/connectors/README.md,maintainer,reference,owned-active,npm run docs:coverage && npm run docs:truth,covered,Coverage row generated from active source/config/route discovery; canonical doc must be updated when the source surface changes lifecycle or interface.
pilot,configuration,packages/connectors/vitest.config.ts,packages/connectors/README.md,maintainer,reference,owned-active,npm run docs:coverage && npm run docs:truth,covered,Coverage row generated from active source/config/route discovery; canonical doc must be updated when the source surface changes lifecycle or interface.
pilot,configuration,packages/db/drizzle.config.ts,packages/db/README.md,maintainer,reference,owned-active,npm run docs:coverage && npm run docs:truth,covered,Coverage row generated from active source/config/route discovery; canonical doc must be updated when the source surface changes lifecycle or interface.
pilot,configuration,packages/db/package.json,packages/db/README.md,maintainer,reference,owned-active,npm run docs:coverage && npm run docs:truth,covered,Coverage row generated from active source/config/route discovery; canonical doc must be updated when the source surface changes lifecycle or interface.
pilot,configuration,packages/db/tsconfig.json,packages/db/README.md,maintainer,reference,owned-active,npm run docs:coverage && npm run docs:truth,covered,Coverage row generated from active source/config/route discovery; canonical doc must be updated when the source surface changes lifecycle or interface.
pilot,configuration,packages/db/vitest.config.ts,packages/db/README.md,maintainer,reference,owned-active,npm run docs:coverage && npm run docs:truth,covered,Coverage row generated from active source/config/route discovery; canonical doc must be updated when the source surface changes lifecycle or interface.
pilot,configuration,packages/helm-client/package.json,packages/helm-client/README.md,maintainer,reference,owned-active,npm run docs:coverage && npm run docs:truth,covered,Coverage row generated from active source/config/route discovery; canonical doc must be updated when the source surface changes lifecycle or interface.
pilot,configuration,packages/helm-client/tsconfig.json,packages/helm-client/README.md,maintainer,reference,owned-active,npm run docs:coverage && npm run docs:truth,covered,Coverage row generated from active source/config/route discovery; canonical doc must be updated when the source surface changes lifecycle or interface.
pilot,configuration,packages/legacy-audit/package.json,packages/legacy-audit/README.md,maintainer,reference,owned-active,npm run docs:coverage && npm run docs:truth,covered,Coverage row generated from active source/config/route discovery; canonical doc must be updated when the source surface changes lifecycle or interface.
pilot,configuration,packages/legacy-audit/tsconfig.json,packages/legacy-audit/README.md,maintainer,reference,owned-active,npm run docs:coverage && npm run docs:truth,covered,Coverage row generated from active source/config/route discovery; canonical doc must be updated when the source surface changes lifecycle or interface.
pilot,configuration,packages/sandbox/package.json,packages/sandbox/README.md,maintainer,reference,owned-active,npm run docs:coverage && npm run docs:truth,covered,Coverage row generated from active source/config/route discovery; canonical doc must be updated when the source surface changes lifecycle or interface.
pilot,configuration,packages/sandbox/tsconfig.json,packages/sandbox/README.md,maintainer,reference,owned-active,npm run docs:coverage && npm run docs:truth,covered,Coverage row generated from active source/config/route discovery; canonical doc must be updated when the source surface changes lifecycle or interface.
pilot,configuration,packages/shared/package.json,packages/shared/README.md,maintainer,reference,owned-active,npm run docs:coverage && npm run docs:truth,covered,Coverage row generated from active source/config/route discovery; canonical doc must be updated when the source surface changes lifecycle or interface.
pilot,configuration,packages/shared/tsconfig.json,packages/shared/README.md,maintainer,reference,owned-active,npm run docs:coverage && npm run docs:truth,covered,Coverage row generated from active source/config/route discovery; canonical doc must be updated when the source surface changes lifecycle or interface.
pilot,configuration,packages/shared/vitest.config.ts,packages/shared/README.md,maintainer,reference,owned-active,npm run docs:coverage && npm run docs:truth,covered,Coverage row generated from active source/config/route discovery; canonical doc must be updated when the source surface changes lifecycle or interface.
pilot,configuration,pipelines/intelligence/requirements.txt,pipelines/README.md,maintainer,reference,owned-active,npm run docs:coverage && npm run docs:truth,covered,Coverage row generated from active source/config/route discovery; canonical doc must be updated when the source surface changes lifecycle or interface.
pilot,configuration,pipelines/scraper/requirements.txt,pipelines/README.md,maintainer,reference,owned-active,npm run docs:coverage && npm run docs:truth,covered,Coverage row generated from active source/config/route discovery; canonical doc must be updated when the source surface changes lifecycle or interface.
pilot,configuration,pipelines/yc-scraper/requirements.txt,pipelines/README.md,maintainer,reference,owned-active,npm run docs:coverage && npm run docs:truth,covered,Coverage row generated from active source/config/route discovery; canonical doc must be updated when the source surface changes lifecycle or interface.
pilot,configuration,services/application-engine/package.json,services/application-engine/README.md,maintainer,reference,owned-active,npm run docs:coverage && npm run docs:truth,covered,Coverage row generated from active source/config/route discovery; canonical doc must be updated when the source surface changes lifecycle or interface.
pilot,configuration,services/application-engine/tsconfig.json,services/application-engine/README.md,maintainer,reference,owned-active,npm run docs:coverage && npm run docs:truth,covered,Coverage row generated from active source/config/route discovery; canonical doc must be updated when the source surface changes lifecycle or interface.
pilot,configuration,services/cofounder-engine/package.json,services/cofounder-engine/README.md,maintainer,reference,owned-active,npm run docs:coverage && npm run docs:truth,covered,Coverage row generated from active source/config/route discovery; canonical doc must be updated when the source surface changes lifecycle or interface.
pilot,configuration,services/cofounder-engine/tsconfig.json,services/cofounder-engine/README.md,maintainer,reference,owned-active,npm run docs:coverage && npm run docs:truth,covered,Coverage row generated from active source/config/route discovery; canonical doc must be updated when the source surface changes lifecycle or interface.
pilot,configuration,services/cofounder-engine/vitest.config.ts,services/cofounder-engine/README.md,maintainer,reference,owned-active,npm run docs:coverage && npm run docs:truth,covered,Coverage row generated from active source/config/route discovery; canonical doc must be updated when the source surface changes lifecycle or interface.
pilot,configuration,services/content-engine/package.json,services/content-engine/README.md,maintainer,reference,owned-active,npm run docs:coverage && npm run docs:truth,covered,Coverage row generated from active source/config/route discovery; canonical doc must be updated when the source surface changes lifecycle or interface.
pilot,configuration,services/content-engine/tsconfig.json,services/content-engine/README.md,maintainer,reference,owned-active,npm run docs:coverage && npm run docs:truth,covered,Coverage row generated from active source/config/route discovery; canonical doc must be updated when the source surface changes lifecycle or interface.
pilot,configuration,services/decision-court/package.json,services/decision-court/README.md,maintainer,reference,owned-active,npm run docs:coverage && npm run docs:truth,covered,Coverage row generated from active source/config/route discovery; canonical doc must be updated when the source surface changes lifecycle or interface.
pilot,configuration,services/decision-court/tsconfig.json,services/decision-court/README.md,maintainer,reference,owned-active,npm run docs:coverage && npm run docs:truth,covered,Coverage row generated from active source/config/route discovery; canonical doc must be updated when the source surface changes lifecycle or interface.
pilot,configuration,services/decision-court/vitest.config.ts,services/decision-court/README.md,maintainer,reference,owned-active,npm run docs:coverage && npm run docs:truth,covered,Coverage row generated from active source/config/route discovery; canonical doc must be updated when the source surface changes lifecycle or interface.
pilot,configuration,services/finance-engine/package.json,services/finance-engine/README.md,maintainer,reference,owned-active,npm run docs:coverage && npm run docs:truth,covered,Coverage row generated from active source/config/route discovery; canonical doc must be updated when the source surface changes lifecycle or interface.
pilot,configuration,services/finance-engine/tsconfig.json,services/finance-engine/README.md,maintainer,reference,owned-active,npm run docs:coverage && npm run docs:truth,covered,Coverage row generated from active source/config/route discovery; canonical doc must be updated when the source surface changes lifecycle or interface.
pilot,configuration,services/finance-engine/vitest.config.ts,services/finance-engine/README.md,maintainer,reference,owned-active,npm run docs:coverage && npm run docs:truth,covered,Coverage row generated from active source/config/route discovery; canonical doc must be updated when the source surface changes lifecycle or interface.
pilot,configuration,services/founder-intel/package.json,services/founder-intel/README.md,maintainer,reference,owned-active,npm run docs:coverage && npm run docs:truth,covered,Coverage row generated from active source/config/route discovery; canonical doc must be updated when the source surface changes lifecycle or interface.
pilot,configuration,services/founder-intel/tsconfig.json,services/founder-intel/README.md,maintainer,reference,owned-active,npm run docs:coverage && npm run docs:truth,covered,Coverage row generated from active source/config/route discovery; canonical doc must be updated when the source surface changes lifecycle or interface.
pilot,configuration,services/founder-intel/vitest.config.ts,services/founder-intel/README.md,maintainer,reference,owned-active,npm run docs:coverage && npm run docs:truth,covered,Coverage row generated from active source/config/route discovery; canonical doc must be updated when the source surface changes lifecycle or interface.
pilot,configuration,services/gateway/package.json,services/gateway/README.md,maintainer,reference,owned-active,npm run docs:coverage && npm run docs:truth,covered,Coverage row generated from active source/config/route discovery; canonical doc must be updated when the source surface changes lifecycle or interface.
pilot,configuration,services/gateway/tsconfig.json,services/gateway/README.md,maintainer,reference,owned-active,npm run docs:coverage && npm run docs:truth,covered,Coverage row generated from active source/config/route discovery; canonical doc must be updated when the source surface changes lifecycle or interface.
pilot,configuration,services/gateway/vitest.config.ts,services/gateway/README.md,maintainer,reference,owned-active,npm run docs:coverage && npm run docs:truth,covered,Coverage row generated from active source/config/route discovery; canonical doc must be updated when the source surface changes lifecycle or interface.
pilot,configuration,services/launch-engine/package.json,services/launch-engine/README.md,maintainer,reference,owned-active,npm run docs:coverage && npm run docs:truth,covered,Coverage row generated from active source/config/route discovery; canonical doc must be updated when the source surface changes lifecycle or interface.
pilot,configuration,services/launch-engine/tsconfig.json,services/launch-engine/README.md,maintainer,reference,owned-active,npm run docs:coverage && npm run docs:truth,covered,Coverage row generated from active source/config/route discovery; canonical doc must be updated when the source surface changes lifecycle or interface.
pilot,configuration,services/launch-engine/vitest.config.ts,services/launch-engine/README.md,maintainer,reference,owned-active,npm run docs:coverage && npm run docs:truth,covered,Coverage row generated from active source/config/route discovery; canonical doc must be updated when the source surface changes lifecycle or interface.
pilot,configuration,services/mcp-server/package.json,services/mcp-server/README.md,maintainer,reference,owned-active,npm run docs:coverage && npm run docs:truth,covered,Coverage row generated from active source/config/route discovery; canonical doc must be updated when the source surface changes lifecycle or interface.
pilot,configuration,services/mcp-server/tsconfig.json,services/mcp-server/README.md,maintainer,reference,owned-active,npm run docs:coverage && npm run docs:truth,covered,Coverage row generated from active source/config/route discovery; canonical doc must be updated when the source surface changes lifecycle or interface.
pilot,configuration,services/memory/package.json,services/memory/README.md,maintainer,reference,owned-active,npm run docs:coverage && npm run docs:truth,covered,Coverage row generated from active source/config/route discovery; canonical doc must be updated when the source surface changes lifecycle or interface.
pilot,configuration,services/memory/tsconfig.json,services/memory/README.md,maintainer,reference,owned-active,npm run docs:coverage && npm run docs:truth,covered,Coverage row generated from active source/config/route discovery; canonical doc must be updated when the source surface changes lifecycle or interface.
pilot,configuration,services/memory/vitest.config.ts,services/memory/README.md,maintainer,reference,owned-active,npm run docs:coverage && npm run docs:truth,covered,Coverage row generated from active source/config/route discovery; canonical doc must be updated when the source surface changes lifecycle or interface.
pilot,configuration,services/orchestrator/package.json,services/orchestrator/README.md,maintainer,reference,owned-active,npm run docs:coverage && npm run docs:truth,covered,Coverage row generated from active source/config/route discovery; canonical doc must be updated when the source surface changes lifecycle or interface.
pilot,configuration,services/orchestrator/tsconfig.json,services/orchestrator/README.md,maintainer,reference,owned-active,npm run docs:coverage && npm run docs:truth,covered,Coverage row generated from active source/config/route discovery; canonical doc must be updated when the source surface changes lifecycle or interface.
pilot,configuration,services/orchestrator/vitest.config.ts,services/orchestrator/README.md,maintainer,reference,owned-active,npm run docs:coverage && npm run docs:truth,covered,Coverage row generated from active source/config/route discovery; canonical doc must be updated when the source surface changes lifecycle or interface.
pilot,configuration,services/product-factory/package.json,services/product-factory/README.md,maintainer,reference,owned-active,npm run docs:coverage && npm run docs:truth,covered,Coverage row generated from active source/config/route discovery; canonical doc must be updated when the source surface changes lifecycle or interface.
pilot,configuration,services/product-factory/tsconfig.json,services/product-factory/README.md,maintainer,reference,owned-active,npm run docs:coverage && npm run docs:truth,covered,Coverage row generated from active source/config/route discovery; canonical doc must be updated when the source surface changes lifecycle or interface.
pilot,configuration,services/product-factory/vitest.config.ts,services/product-factory/README.md,maintainer,reference,owned-active,npm run docs:coverage && npm run docs:truth,covered,Coverage row generated from active source/config/route discovery; canonical doc must be updated when the source surface changes lifecycle or interface.
pilot,configuration,services/seo-engine/package.json,services/seo-engine/README.md,maintainer,reference,owned-active,npm run docs:coverage && npm run docs:truth,covered,Coverage row generated from active source/config/route discovery; canonical doc must be updated when the source surface changes lifecycle or interface.
pilot,configuration,services/seo-engine/tsconfig.json,services/seo-engine/README.md,maintainer,reference,owned-active,npm run docs:coverage && npm run docs:truth,covered,Coverage row generated from active source/config/route discovery; canonical doc must be updated when the source surface changes lifecycle or interface.
pilot,configuration,services/yc-intel/package.json,services/yc-intel/README.md,maintainer,reference,owned-active,npm run docs:coverage && npm run docs:truth,covered,Coverage row generated from active source/config/route discovery; canonical doc must be updated when the source surface changes lifecycle or interface.
pilot,configuration,services/yc-intel/tsconfig.json,services/yc-intel/README.md,maintainer,reference,owned-active,npm run docs:coverage && npm run docs:truth,covered,Coverage row generated from active source/config/route discovery; canonical doc must be updated when the source surface changes lifecycle or interface.
pilot,configuration,services/yc-intel/vitest.config.ts,services/yc-intel/README.md,maintainer,reference,owned-active,npm run docs:coverage && npm run docs:truth,covered,Coverage row generated from active source/config/route discovery; canonical doc must be updated when the source surface changes lifecycle or interface.
pilot,migration,packages/db/migrations/0000_sharp_sway.sql,packages/db/migrations/README.md,developer,reference,owned-active,npm run docs:coverage && npm run docs:truth,covered,Coverage row generated from active source/config/route discovery; canonical doc must be updated when the source surface changes lifecycle or interface.
pilot,migration,packages/db/migrations/0001_omniscient_gorgon.sql,packages/db/migrations/README.md,developer,reference,owned-active,npm run docs:coverage && npm run docs:truth,covered,Coverage row generated from active source/config/route discovery; canonical doc must be updated when the source surface changes lifecycle or interface.
pilot,migration,packages/db/migrations/0002_pgvector_embeddings.sql,packages/db/migrations/README.md,developer,reference,owned-active,npm run docs:coverage && npm run docs:truth,covered,Coverage row generated from active source/config/route discovery; canonical doc must be updated when the source surface changes lifecycle or interface.
pilot,migration,packages/db/migrations/0003_event_triggers.sql,packages/db/migrations/README.md,developer,reference,owned-active,npm run docs:coverage && npm run docs:truth,covered,Coverage row generated from active source/config/route discovery; canonical doc must be updated when the source surface changes lifecycle or interface.
pilot,migration,packages/db/migrations/0004_task_cost_usd.sql,packages/db/migrations/README.md,developer,reference,owned-active,npm run docs:coverage && npm run docs:truth,covered,Coverage row generated from active source/config/route discovery; canonical doc must be updated when the source surface changes lifecycle or interface.
pilot,migration,packages/db/migrations/0005_governance_and_connector_sessions.sql,packages/db/migrations/README.md,developer,reference,owned-active,npm run docs:coverage && npm run docs:truth,covered,Coverage row generated from active source/config/route discovery; canonical doc must be updated when the source surface changes lifecycle or interface.
pilot,migration,packages/db/migrations/0006_tenant_secrets.sql,packages/db/migrations/README.md,developer,reference,owned-active,npm run docs:coverage && npm run docs:truth,covered,Coverage row generated from active source/config/route discovery; canonical doc must be updated when the source surface changes lifecycle or interface.
pilot,migration,packages/db/migrations/0007_rate_limit_buckets.sql,packages/db/migrations/README.md,developer,reference,owned-active,npm run docs:coverage && npm run docs:truth,covered,Coverage row generated from active source/config/route discovery; canonical doc must be updated when the source surface changes lifecycle or interface.
pilot,migration,packages/db/migrations/0008_workspace_deletions.sql,packages/db/migrations/README.md,developer,reference,owned-active,npm run docs:coverage && npm run docs:truth,covered,Coverage row generated from active source/config/route discovery; canonical doc must be updated when the source surface changes lifecycle or interface.
pilot,migration,packages/db/migrations/0009_opportunity_clusters.sql,packages/db/migrations/README.md,developer,reference,owned-active,npm run docs:coverage && npm run docs:truth,covered,Coverage row generated from active source/config/route discovery; canonical doc must be updated when the source surface changes lifecycle or interface.
pilot,migration,packages/db/migrations/0010_governed_subagents.sql,packages/db/migrations/README.md,developer,reference,owned-active,npm run docs:coverage && npm run docs:truth,covered,Coverage row generated from active source/config/route discovery; canonical doc must be updated when the source surface changes lifecycle or interface.
pilot,migration,packages/db/migrations/0011_connector_refresh_state.sql,packages/db/migrations/README.md,developer,reference,owned-active,npm run docs:coverage && npm run docs:truth,covered,Coverage row generated from active source/config/route discovery; canonical doc must be updated when the source surface changes lifecycle or interface.
pilot,migration,packages/db/migrations/0012_reverify_spawn_receipts.sql,packages/db/migrations/README.md,developer,reference,owned-active,npm run docs:coverage && npm run docs:truth,covered,Coverage row generated from active source/config/route discovery; canonical doc must be updated when the source surface changes lifecycle or interface.
pilot,migration,packages/db/migrations/0013_compliance_frameworks.sql,packages/db/migrations/README.md,developer,reference,owned-active,npm run docs:coverage && npm run docs:truth,covered,Coverage row generated from active source/config/route discovery; canonical doc must be updated when the source surface changes lifecycle or interface.
pilot,migration,packages/db/migrations/0014_long_running_checkpoints.sql,packages/db/migrations/README.md,developer,reference,owned-active,npm run docs:coverage && npm run docs:truth,covered,Coverage row generated from active source/config/route discovery; canonical doc must be updated when the source surface changes lifecycle or interface.
pilot,migration,packages/db/migrations/0014_pgvector_082_floor.sql,packages/db/migrations/README.md,developer,reference,owned-active,npm run docs:coverage && npm run docs:truth,covered,Coverage row generated from active source/config/route discovery; canonical doc must be updated when the source surface changes lifecycle or interface.
pilot,migration,packages/db/migrations/0015_managed_telegram_bots.sql,packages/db/migrations/README.md,developer,reference,owned-active,npm run docs:coverage && npm run docs:truth,covered,Coverage row generated from active source/config/route discovery; canonical doc must be updated when the source surface changes lifecycle or interface.
pilot,migration,packages/db/migrations/0016_action_integrity_and_metrics.sql,packages/db/migrations/README.md,developer,reference,owned-active,npm run docs:coverage && npm run docs:truth,covered,Coverage row generated from active source/config/route discovery; canonical doc must be updated when the source surface changes lifecycle or interface.
pilot,migration,packages/db/migrations/0017_ingestion_replay_columns.sql,packages/db/migrations/README.md,developer,reference,owned-active,npm run docs:coverage && npm run docs:truth,covered,Coverage row generated from active source/config/route discovery; canonical doc must be updated when the source surface changes lifecycle or interface.
pilot,migration,packages/db/migrations/0018_foundation_lineage_a2a.sql,packages/db/migrations/README.md,developer,reference,owned-active,npm run docs:coverage && npm run docs:truth,covered,Gate 1 foundation migration for deterministic task-run lineage and durable A2A tables.
pilot,migration,packages/db/migrations/0019_runtime_skills_handoffs.sql,packages/db/migrations/README.md,developer,reference,owned-active,npm run docs:coverage && npm run docs:truth,covered,Gate 3 runtime migration for skill invocation metadata and durable agent handoff records.
pilot,migration,packages/db/migrations/0020_tool_broker_executions.sql,packages/db/migrations/README.md,developer,reference,owned-active,npm run docs:coverage && npm run docs:truth,covered,Gate 5 migration for durable action and tool execution ledger records.
pilot,migration,packages/db/migrations/0021_browser_readonly_sessions.sql,packages/db/migrations/README.md,developer,reference,owned-active,npm run docs:coverage && npm run docs:truth,covered,Gate 6 migration for read-only browser sessions plus grants plus actions plus redacted observations.
pilot,migration,packages/db/migrations/0022_computer_safe_actions.sql,packages/db/migrations/README.md,developer,reference,owned-active,npm run docs:coverage && npm run docs:truth,covered,Gate 7 migration for governed safe computer actions with command file dev-server evidence.
pilot,migration,packages/db/migrations/0023_eval_suite_promotion.sql,packages/db/migrations/README.md,developer,reference,owned-active,npm run docs:coverage && npm run docs:truth,covered,Gate 10 migration for durable eval runs results evidence links blockers and promotion eligibility records.
pilot,migration,packages/db/migrations/0024_mission_runtime.sql,packages/db/migrations/README.md,developer,reference,owned-active,npm run docs:coverage && npm run docs:truth,covered,Durable venture goal mission DAG and mission task backbone for startup lifecycle persistence.
pilot,migration,packages/db/migrations/0025_evidence_items.sql,packages/db/migrations/README.md,developer,reference,owned-active,npm run docs:coverage && npm run docs:truth,covered,Canonical evidence item ledger migration linking receipts tools browser computer artifacts audit and runtime rows.
pilot,migration,packages/db/migrations/0026_tool_broker_policy_pins.sql,packages/db/migrations/README.md,developer,reference,owned-active,npm run docs:coverage && npm run docs:truth,covered,Tool Broker policy pin migration adding queryable HELM document version pins to durable action and tool execution rows.
pilot,migration,packages/db/migrations/0027_browser_computer_policy_pins.sql,packages/db/migrations/README.md,developer,reference,owned-active,npm run docs:coverage && npm run docs:truth,covered,Browser and computer action migration adding queryable HELM document version pins to durable read and safe execution rows.
pilot,migration,packages/db/migrations/0028_managed_telegram_governance_metadata.sql,packages/db/migrations/README.md,developer,reference,owned-active,npm run docs:coverage && npm run docs:truth,covered,Managed Telegram governance metadata migration adding HELM policy pin storage to bot and message action rows.
pilot,migration,packages/db/migrations/0029_browser_session_access_governance.sql,packages/db/migrations/README.md,developer,reference,owned-active,npm run docs:coverage && npm run docs:truth,covered,Browser session access governance migration adding HELM policy pin storage to session and grant rows.
pilot,migration,packages/db/migrations/0030_opportunity_score_governance_metadata.sql,packages/db/migrations/README.md,developer,reference,owned-active,npm run docs:coverage && npm run docs:truth,covered,Opportunity score governance metadata migration adding HELM policy pin and model usage storage to score rows.
pilot,migration,packages/db/migrations/0031_mission_runtime_checkpoints.sql,packages/db/migrations/README.md,developer,reference,owned-active,npm run docs:coverage && npm run docs:truth,covered,Mission runtime checkpoint migration adding explicit recovery and constrained rollback snapshot records for lifecycle DAGs.
pilot,migration,packages/db/migrations/0032_tenant_deletion_receipts.sql,packages/db/migrations/README.md,developer,reference,owned-active,npm run docs:coverage && npm run docs:truth,covered,Retained tenant hard-delete receipt migration adding non-cascading proof records for workspace cleanup.
pilot,app,apps/web/src/app/layout.tsx,apps/web/README.md,developer,explanation,owned-active,npm run docs:coverage && npm run docs:truth,covered,Coverage row generated from active source/config/route discovery; canonical doc must be updated when the source surface changes lifecycle or interface.
pilot,public-route,apps/web/src/app/page.tsx,apps/web/README.md,public-user,explanation,owned-active,npm run docs:coverage && npm run docs:truth,covered,Coverage row generated from active source/config/route discovery; canonical doc must be updated when the source surface changes lifecycle or interface.
pilot,public-route,apps/web/src/app/capabilities/page.tsx,docs/capabilities.md,public-user,reference,owned-active,npm run docs:coverage && npm run docs:truth,covered,Gate 0 capability truth matrix; canonical doc and registry must change together.
pilot,public-route,apps/web/src/app/command-center/page.tsx,docs/capabilities.md,public-user,reference,owned-active,npm run docs:coverage && npm run docs:truth,covered,Gate 8 command center reads /api/command-center durable state and must stay aligned with capability truth.
pilot,public-route,apps/web/src/app/browser-computer/page.tsx,docs/capabilities.md,public-user,reference,owned-active,npm run docs:coverage && npm run docs:truth,covered,Gate 8 browser/computer viewer reads real session and replay state and must keep browser/computer capability truth non-production until eval promotion.
pilot,public-route,apps/web/src/app/applications/page.tsx,apps/web/README.md,public-user,explanation,owned-active,npm run docs:coverage && npm run docs:truth,covered,Coverage row generated from active source/config/route discovery; canonical doc must be updated when the source surface changes lifecycle or interface.
pilot,public-route,apps/web/src/app/apply/page.tsx,apps/web/README.md,public-user,explanation,owned-active,npm run docs:coverage && npm run docs:truth,covered,Coverage row generated from active source/config/route discovery; canonical doc must be updated when the source surface changes lifecycle or interface.
pilot,public-route,apps/web/src/app/compliance/page.tsx,apps/web/README.md,public-user,explanation,owned-active,npm run docs:coverage && npm run docs:truth,covered,Coverage row generated from active source/config/route discovery; canonical doc must be updated when the source surface changes lifecycle or interface.
pilot,public-route,apps/web/src/app/decide/page.tsx,apps/web/README.md,public-user,explanation,owned-active,npm run docs:coverage && npm run docs:truth,covered,Coverage row generated from active source/config/route discovery; canonical doc must be updated when the source surface changes lifecycle or interface.
pilot,public-route,apps/web/src/app/discover/page.tsx,apps/web/README.md,public-user,explanation,owned-active,npm run docs:coverage && npm run docs:truth,covered,Coverage row generated from active source/config/route discovery; canonical doc must be updated when the source surface changes lifecycle or interface.
pilot,public-route,apps/web/src/app/governance/page.tsx,apps/web/README.md,public-user,explanation,owned-active,npm run docs:coverage && npm run docs:truth,covered,Coverage row generated from active source/config/route discovery; canonical doc must be updated when the source surface changes lifecycle or interface.
pilot,public-route,apps/web/src/app/knowledge/page.tsx,apps/web/README.md,public-user,explanation,owned-active,npm run docs:coverage && npm run docs:truth,covered,Coverage row generated from active source/config/route discovery; canonical doc must be updated when the source surface changes lifecycle or interface.
pilot,public-route,apps/web/src/app/launch/page.tsx,apps/web/README.md,public-user,explanation,owned-active,npm run docs:coverage && npm run docs:truth,covered,Coverage row generated from active source/config/route discovery; canonical doc must be updated when the source surface changes lifecycle or interface.
pilot,public-route,apps/web/src/app/login/page.tsx,apps/web/README.md,public-user,explanation,owned-active,npm run docs:coverage && npm run docs:truth,covered,Coverage row generated from active source/config/route discovery; canonical doc must be updated when the source surface changes lifecycle or interface.
pilot,public-route,apps/web/src/app/operators/page.tsx,apps/web/README.md,public-user,explanation,owned-active,npm run docs:coverage && npm run docs:truth,covered,Coverage row generated from active source/config/route discovery; canonical doc must be updated when the source surface changes lifecycle or interface.
pilot,public-route,apps/web/src/app/settings/page.tsx,apps/web/README.md,public-user,explanation,owned-active,npm run docs:coverage && npm run docs:truth,covered,Coverage row generated from active source/config/route discovery; canonical doc must be updated when the source surface changes lifecycle or interface.
pilot,public-route,apps/web/src/app/workspace-agents/page.tsx,apps/web/README.md,public-user,explanation,owned-active,npm run docs:coverage && npm run docs:truth,covered,Coverage row generated from active source/config/route discovery; canonical doc must be updated when the source surface changes lifecycle or interface.
pilot,public-route,apps/web/src/app/governance/budget/page.tsx,apps/web/README.md,public-user,explanation,owned-active,npm run docs:coverage && npm run docs:truth,covered,Coverage row generated from active source/config/route discovery; canonical doc must be updated when the source surface changes lifecycle or interface.
pilot,public-route,apps/web/src/app/governance/cost/page.tsx,apps/web/README.md,public-user,explanation,owned-active,npm run docs:coverage && npm run docs:truth,covered,Coverage row generated from active source/config/route discovery; canonical doc must be updated when the source surface changes lifecycle or interface.
pilot,public-route,apps/web/src/app/invite/[token]/page.tsx,apps/web/README.md,public-user,explanation,owned-active,npm run docs:coverage && npm run docs:truth,covered,Coverage row generated from active source/config/route discovery; canonical doc must be updated when the source surface changes lifecycle or interface.
pilot,public-route,apps/web/src/app/positioning/vs-replit/page.tsx,apps/web/README.md,public-user,explanation,owned-active,npm run docs:coverage && npm run docs:truth,covered,Coverage row generated from active source/config/route discovery; canonical doc must be updated when the source surface changes lifecycle or interface.
pilot,public-route,apps/web/src/app/governance/live/[taskId]/page.tsx,apps/web/README.md,public-user,explanation,owned-active,npm run docs:coverage && npm run docs:truth,covered,Coverage row generated from active source/config/route discovery; canonical doc must be updated when the source surface changes lifecycle or interface.
pilot,ci-cd,.github/workflows/docs.yml,.github/workflows/README.md,operator,how-to,owned-active,npm run docs:coverage && npm run docs:truth,covered,Documentation gate workflow; keep aligned with docs coverage and truth scripts.
